,receive_nobreak_won,receive_nobreak_faced,serve_nobreak_won,serve_nobreak_faced,receive_break_won,receive_break_faced,serve_break_won,serve_break_faced,serve_nobreak_pct,serve_break_pct,receive_nobreak_pct,receive_break_pct,serve_choke_pct,receive_choke_pct,choke_pct
M Krueger,13,63,45,97,1,2,14,20,0.5532994923857868,0.6166666666666667,0.3006134969325153,0.4019607843137255,-0.0833671742808799,-0.06134728738121018,-0.07235723083104505
N Jarry,33,192,152,241,0,1,16,21,0.6334310850439883,0.628099173553719,0.2363013698630137,0.39603960396039606,-0.014668088509730764,-0.11973823409738235,-0.06720316130355655
A Golubev,26,91,50,112,3,4,16,26,0.5377358490566038,0.6031746031746031,0.32460732984293195,0.41346153846153844,-0.08543875411799938,-0.04885420861860649,-0.06714648136830294
D Brown,51,248,174,309,2,9,21,37,0.5819070904645477,0.5912408759124088,0.25,0.3853211009174312,-0.02933378544786112,-0.0953211009174312,-0.062327443182646165
F Ferreira Silva,12,63,52,98,2,2,13,21,0.5858585858585859,0.6033057851239669,0.294478527607362,0.4117647058823529,-0.03744719926538108,-0.07728617827499093,-0.057366688770186004
V Millot,20,71,36,82,3,4,9,17,0.5494505494505495,0.5897435897435898,0.32748538011695905,0.41346153846153844,-0.060293040293040265,-0.04597615834457939,-0.05313459931880983
C O'Connell,101,365,258,407,10,17,35,52,0.6351084812623274,0.625,0.2946236559139785,0.42735042735042733,-0.00989151873767256,-0.09272677143644883,-0.0513091450870607
M Youzhny,211,692,461,752,23,41,48,79,0.6161971830985915,0.6033519553072626,0.31186868686868685,0.44680851063829785,-0.0071547722086710945,-0.09493982376961099,-0.051047297989141045
J Hernych,37,141,67,137,2,6,12,24,0.5527426160337553,0.5806451612903226,0.3029045643153527,0.39622641509433965,-0.04790254525656733,-0.05332185077898697,-0.05061219801777715
T De Bakker,67,234,164,288,6,14,25,39,0.5876288659793815,0.6115107913669064,0.3083832335329341,0.40350877192982454,-0.043881925387524987,-0.05512553839689042,-0.049503731892207706
D Young,203,682,389,712,14,38,63,109,0.5578817733990148,0.5885167464114832,0.30562659846547313,0.391304347826087,-0.05063497301246843,-0.04567774936061384,-0.04815636118654114
L Giustino,12,59,33,68,0,1,8,14,0.5773809523809523,0.5964912280701754,0.3018867924528302,0.39603960396039606,-0.03911027568922308,-0.05415281150756588,-0.046631543598394484
A Nedovyesov,13,69,44,79,0,2,10,14,0.6033519553072626,0.6140350877192983,0.28994082840236685,0.39215686274509803,-0.030683132412035668,-0.06221603434273119,-0.046449583377383426
X Malisse,52,148,63,144,4,9,17,32,0.5204918032786885,0.5833333333333334,0.3548387096774194,0.4036697247706422,-0.08284153005464488,-0.00883101509322285,-0.04583627257393387
M Kecmanovic,104,327,195,334,11,20,31,49,0.5967741935483871,0.610738255033557,0.32786885245901637,0.425,-0.033964061485169936,-0.05713114754098362,-0.04554760451307678
G Mager,13,65,40,73,3,4,7,13,0.6011560693641619,0.5929203539823009,0.296969696969697,0.41346153846153844,-0.011764284618139036,-0.07649184149184143,-0.04412806305499024
M Basic,54,191,114,200,4,9,17,27,0.5933333333333334,0.6062992125984252,0.30927835051546393,0.4036697247706422,-0.032965879265091855,-0.054391374255178294,-0.04367862676013508
N Davydenko,59,186,105,189,4,5,15,24,0.5847750865051903,0.6048387096774194,0.3321678321678322,0.41904761904761906,-0.0400636231722291,-0.04687978687978687,-0.04347170502600799
S Greul,35,95,50,106,5,10,15,22,0.5533980582524272,0.6147540983606558,0.3641025641025641,0.4090909090909091,-0.0813560401082286,-0.0049883449883450295,-0.04317219254828682
F Volandri,49,168,96,176,4,7,14,25,0.5797101449275363,0.592,0.31716417910447764,0.411214953271028,-0.03228985507246372,-0.05405077416655039,-0.04317031461950706
A Balazs,19,85,65,116,2,5,15,25,0.5972222222222222,0.6,0.2972972972972973,0.4,-0.02277777777777777,-0.0627027027027027,-0.042740240240240236
A Haider-Maurer,42,178,134,219,5,10,12,21,0.6206896551724138,0.5950413223140496,0.2805755395683453,0.4090909090909091,0.0056483328583642085,-0.08851536952256381,-0.0414335183320998
J Hajek,47,171,93,174,1,10,18,28,0.572992700729927,0.609375,0.3062730627306273,0.37272727272727274,-0.056382299270072975,-0.02645420999664542,-0.0414182546333592
F Lopez,628,2050,1371,2159,58,136,139,216,0.6352368304559539,0.629746835443038,0.30883720930232555,0.4152542372881356,-0.014510004987084085,-0.06641702798581003,-0.04046351648644706
G Jones,24,87,56,103,4,5,10,18,0.5911330049261084,0.5932203389830508,0.32085561497326204,0.41904761904761906,-0.022087334056942392,-0.05819200407435702,-0.040139669065649704
V Estrella Burgos,122,417,260,444,11,25,29,50,0.5955882352941176,0.5933333333333334,0.3056092843326886,0.408,-0.01774509803921574,-0.06239071566731139,-0.040067906853263564
Z Zhang,58,192,110,197,5,13,21,33,0.5858585858585859,0.6090225563909775,0.3219178082191781,0.39823008849557523,-0.04316397053239161,-0.03631228027639714,-0.03973812540439438
G Elias,13,64,28,56,0,0,5,11,0.5897435897435898,0.5855855855855856,0.29878048780487804,0.4,-0.015841995841995842,-0.061219512195121985,-0.03853075401855891
A Kudryavtsev,78,242,131,232,5,12,23,35,0.5873493975903614,0.6148148148148148,0.3333333333333333,0.4017857142857143,-0.047465417224453396,-0.028452380952380986,-0.037958899088417195
L Saville,70,214,113,209,6,12,18,31,0.5728155339805825,0.5954198473282443,0.3375796178343949,0.4107142857142857,-0.04260431334766178,-0.03313466787989081,-0.0378694906137763
H Dellien,41,141,82,159,3,8,16,31,0.5637065637065637,0.5801526717557252,0.31950207468879666,0.39814814814814814,-0.03644610804916147,-0.038646073459351483,-0.03754609075425648
O Rochus,35,143,80,142,2,6,12,23,0.5950413223140496,0.5853658536585366,0.29218106995884774,0.39622641509433965,-0.010324531344486947,-0.0640453451354919,-0.037184938239989425
G Rufin,19,69,43,85,1,4,10,16,0.5783783783783784,0.603448275862069,0.3254437869822485,0.3942307692307692,-0.0450698974836906,-0.0287869822485207,-0.03692843986610565
M Giron,46,184,118,203,3,9,18,33,0.6006600660066007,0.5864661654135338,0.2887323943661972,0.3944954128440367,-0.00580609940693309,-0.06576301847783952,-0.03578455894238631
R Schuettler,17,67,38,74,0,1,8,14,0.5862068965517241,0.5964912280701754,0.31736526946107785,0.39603960396039606,-0.030284331518451318,-0.03867433449931821,-0.03447933300888476
F Coria,13,64,43,79,0,3,11,19,0.5977653631284916,0.5966386554621849,0.29878048780487804,0.3883495145631068,-0.018873292333693264,-0.04956902675822875,-0.03422115954596101
A Montanes,14,67,44,80,1,1,4,10,0.6,0.5818181818181818,0.2994011976047904,0.40594059405940597,-0.0018181818181818125,-0.06653939645461557,-0.03417878913639869
F Dancevic,22,76,44,82,3,4,8,14,0.5934065934065934,0.5964912280701754,0.32954545454545453,0.41346153846153844,-0.023084634663581998,-0.043916083916083905,-0.03350035928983295
B Fratangelo,48,163,92,172,1,9,16,26,0.5735294117647058,0.6031746031746031,0.3193916349809886,0.3761467889908257,-0.0496451914098973,-0.016755154009837105,-0.03320017270986721
J Millman,546,1475,951,1571,61,115,94,161,0.6074207061639737,0.5900383141762452,0.36952380952380953,0.4697674418604651,-0.0026176080122714933,-0.06024363233665556,-0.031430620174463526
P Luczak,21,87,61,105,0,5,9,12,0.6097560975609756,0.6160714285714286,0.3048128342245989,0.38095238095238093,-0.026315331010453007,-0.036139546727782,-0.031227438869117503
E Schwank,20,83,60,103,1,2,5,9,0.6108374384236454,0.5963302752293578,0.30601092896174864,0.4019607843137255,-0.005492836805712425,-0.055949855351976864,-0.030721346078844643
T Griekspoor,12,67,48,81,0,2,4,8,0.6187845303867403,0.5925925925925926,0.2874251497005988,0.39215686274509803,0.006191937794147746,-0.06473171304449923,-0.029269887625175746
J Duckworth,474,1444,934,1524,37,97,105,161,0.6145320197044335,0.632183908045977,0.33031088082901555,0.39086294416243655,-0.037651888341543524,-0.020552063333421,-0.029101975837482263
T Smyczek,265,755,471,746,27,60,61,88,0.6323877068557919,0.6436170212765957,0.352046783625731,0.41875,-0.03122931442080377,-0.026703216374269013,-0.02896626539753639
A Falla,147,464,264,456,12,26,31,57,0.5899280575539568,0.5796178343949044,0.324468085106383,0.4126984126984127,-0.00968977684094761,-0.0482303275920297,-0.028960052216488653
F Bagnis,23,86,46,84,0,2,6,10,0.5978260869565217,0.6,0.3172043010752688,0.39215686274509803,-0.02217391304347825,-0.03495256166982922,-0.028563237356653733
D Munoz-De La Nava,75,255,156,253,4,14,22,31,0.623229461756374,0.6259541984732825,0.3126760563380282,0.38596491228070173,-0.02272473671690854,-0.033288855942673536,-0.028006796329791035
S Caruso,150,422,240,412,22,48,37,60,0.59375,0.60625,0.3563218390804598,0.4189189189189189,-0.03249999999999996,-0.022597079838459135,-0.027548539919229547
T Kokkinakis,267,838,569,914,23,53,59,95,0.6242603550295858,0.6102564102564103,0.3230277185501066,0.4117647058823529,-0.005996055226824542,-0.04873698733224633,-0.027366521279535434
J Souza,62,186,112,206,4,14,17,27,0.5751633986928104,0.6062992125984252,0.34265734265734266,0.38596491228070173,-0.05113581390561482,-0.003307569623359076,-0.02722169176448695
M Safwat,48,147,91,158,5,12,13,19,0.6007751937984496,0.6134453781512605,0.340080971659919,0.4017857142857143,-0.03267018435281098,-0.021704742625795283,-0.02718746348930313
P Gojowczyk,184,531,351,582,17,42,47,70,0.6085043988269795,0.6294117647058823,0.3486529318541997,0.4014084507042254,-0.040907365878902854,-0.012755518850025661,-0.026831442364464258
N Basilashvili,417,1187,802,1315,50,109,82,134,0.6120141342756183,0.6068376068376068,0.351981351981352,0.430622009569378,-0.014823472561988443,-0.03864065758802602,-0.02673206507500723
L Vanni,51,173,114,187,2,5,11,16,0.6202090592334495,0.6120689655172413,0.31868131868131866,0.4,-0.011859906283791837,-0.04131868131868136,-0.026589293801236598
C Berlocq,122,376,198,358,7,17,25,48,0.5720524017467249,0.5743243243243243,0.3319327731092437,0.4017094017094017,-0.02227192257759945,-0.02977662860015804,-0.026024275588878744
V Pospisil,283,935,629,967,21,49,56,87,0.6494845360824743,0.6203208556149733,0.30821256038647343,0.40939597315436244,0.009163680467500952,-0.061183412767889,-0.026009866150194023
D Tursunov,71,262,161,266,3,15,16,25,0.6147540983606558,0.608,0.2955801104972376,0.3739130434782609,-0.013245901639344231,-0.038332932981023284,-0.025789417310183756
C Moutet,123,396,224,383,15,32,28,54,0.5962732919254659,0.5714285714285714,0.32056451612903225,0.4166666666666667,0.004844720496894456,-0.05610215053763443,-0.025628715020369987
M Crugnola,18,64,35,70,1,1,4,11,0.5823529411764706,0.5765765765765766,0.32926829268292684,0.40594059405940597,-0.014223635400105943,-0.03667230137647912,-0.02544796838829253
D Gimeno-Traver,71,259,145,251,5,17,20,38,0.5954415954415955,0.5797101449275363,0.298050139275766,0.38461538461538464,-0.004268549485940781,-0.04656524533961862,-0.0254168974127797
C Ruud,265,748,496,765,28,58,55,79,0.6473988439306358,0.6424581005586593,0.35495283018867924,0.43037974683544306,-0.015059256628023415,-0.03542691664676382,-0.025243086637393615
T Robredo,281,808,518,810,22,58,56,74,0.6395604395604395,0.6666666666666666,0.3491189427312775,0.3924050632911392,-0.047106227106227125,-0.003286120559861695,-0.02519617383304441
J Smith,20,81,53,89,1,3,6,10,0.6190476190476191,0.6,0.30939226519337015,0.39805825242718446,-0.0009523809523809094,-0.0486659872338143,-0.024809184093097604
J Londero,58,182,113,208,6,10,11,27,0.5746753246753247,0.5590551181102362,0.3333333333333333,0.41818181818181815,-0.004379793434911555,-0.04484848484848484,-0.024614139141698195
D Shapovalov,309,886,606,923,38,74,62,95,0.6549364613880743,0.6256410256410256,0.34989858012170383,0.4482758620689655,0.009295435747048626,-0.058377281947261696,-0.024540923100106533
J Wang,16,86,69,103,0,1,5,7,0.6551724137931034,0.6074766355140186,0.27956989247311825,0.39603960396039606,0.027695778279084777,-0.0764697114872778,-0.024386966604096512
K De Schepper,61,181,112,196,4,11,14,21,0.5945945945945946,0.6115702479338843,0.34519572953736655,0.3963963963963964,-0.036975653339289635,-0.011200666859029852,-0.024088160099159744
N Gombos,84,235,129,222,10,21,25,39,0.5993788819875776,0.6115107913669064,0.3582089552238806,0.4132231404958678,-0.032131909379328846,-0.015014185271987203,-0.023573047325658025
T Gabashvili,205,612,362,603,14,39,44,67,0.6059743954480796,0.6227544910179641,0.33848314606741575,0.38848920863309355,-0.03678009556988447,-0.0100060625656778,-0.023393079067781136
D Nalbandian,160,435,250,421,15,33,37,56,0.6026871401151631,0.6217948717948718,0.3663551401869159,0.41353383458646614,-0.0391077316797087,-0.007178694399550246,-0.023143213039629473
Y Bhambri,68,241,155,273,7,14,7,23,0.5871313672922251,0.5447154471544715,0.30498533724340177,0.41228070175438597,0.022415920137753637,-0.0672953645109842,-0.02243972218661528
L Rosol,154,487,329,501,8,25,36,46,0.653910149750416,0.6575342465753424,0.32367972742759793,0.384,-0.023624096824926482,-0.020320272572402077,-0.021972184698664278
R Molleker,20,82,45,83,1,3,2,9,0.5956284153005464,0.5688073394495413,0.3076923076923077,0.39805825242718446,0.006821075851005127,-0.050365944734876746,-0.021772434441935808
J Kovalik,24,101,65,102,2,3,4,8,0.6386138613861386,0.5925925925925926,0.29850746268656714,0.4077669902912621,0.026021268793546066,-0.06925952760469498,-0.021619129405574457
R Machado,18,64,36,72,2,4,2,9,0.5813953488372093,0.5688073394495413,0.32926829268292684,0.40384615384615385,-0.0074119906123319805,-0.03457786116322701,-0.020994925887779493
L Lacko,351,1088,721,1180,35,85,74,125,0.61328125,0.5955555555555555,0.32575757575757575,0.40540540540540543,-0.002274305555555505,-0.03964782964782968,-0.02096106760169259
D Evans,342,993,668,1059,31,72,69,106,0.631578947368421,0.6262135922330098,0.3458371454711802,0.4127906976744186,-0.014634644864588747,-0.026953552203238397,-0.02079409853391357
M Vilella Martinez,51,201,140,226,3,10,12,23,0.6257668711656442,0.5853658536585366,0.28903654485049834,0.39090909090909093,0.020401017507107672,-0.06187254605859258,-0.020735764275742453
J Janowicz,408,1220,810,1297,38,97,71,109,0.6256263421617753,0.6267942583732058,0.33636363636363636,0.39593908629441626,-0.02116791621143053,-0.0195754499307799,-0.020371683071105214
M Ilhan,22,76,41,77,0,2,5,10,0.5932203389830508,0.5909090909090909,0.32954545454545453,0.39215686274509803,-0.01768875192604012,-0.022611408199643503,-0.02015008006284181
V Troicki,592,1708,1112,1777,60,146,117,182,0.6265316995205115,0.6276595744680851,0.3473451327433628,0.4065040650406504,-0.021127874947573604,-0.01915893229728758,-0.02014340362243059
M Przysiezny,35,108,61,109,2,7,9,14,0.5980861244019139,0.6052631578947368,0.34134615384615385,0.3925233644859813,-0.02717703349282295,-0.011177210639827441,-0.019177122066325193
K King,27,81,48,92,0,5,10,15,0.5833333333333334,0.6086956521739131,0.34806629834254144,0.38095238095238093,-0.045362318840579716,0.0071139173901605054,-0.019124200725209605
Y Hanfmann,21,70,52,93,1,5,10,16,0.6010362694300518,0.603448275862069,0.3352941176470588,0.3904761904761905,-0.02241200643201711,-0.015182072829131678,-0.018797039630574393
Y Sugita,169,550,396,605,17,39,39,61,0.6524822695035462,0.6149068322981367,0.3153846153846154,0.41007194244604317,0.017575437205409456,-0.054687327061427794,-0.018555944928009167
H Gaston,56,131,57,121,5,17,19,28,0.5475113122171946,0.6171875,0.39826839826839827,0.38461538461538464,-0.08967618778280538,0.053653013653013636,-0.018011587064895872
J Kubler,89,238,139,247,9,19,19,32,0.5850144092219021,0.5984848484848485,0.3698224852071006,0.4117647058823529,-0.03347043926294645,-0.0019422206752523277,-0.017706329969099387
E Benchetrit,14,63,26,49,0,1,1,7,0.6040268456375839,0.5700934579439252,0.3067484662576687,0.39603960396039606,0.013933387693658723,-0.04929113770272734,-0.017678875004534307
F Verdasco,966,2555,1656,2576,106,246,170,252,0.6427503736920778,0.6534090909090909,0.37740112994350283,0.42196531791907516,-0.03065871721701317,-0.004564187975572322,-0.017611452596292744
I Kunitsyn,15,79,55,84,0,3,4,7,0.6467391304347826,0.5981308411214953,0.2849162011173184,0.3883495145631068,0.02860828931328731,-0.06343331344578837,-0.01741251206625053
H Zeballos,67,292,220,322,4,11,13,23,0.6729857819905213,0.5934959349593496,0.2627551020408163,0.3963963963963964,0.059489847031171675,-0.09364129435558008,-0.017075723662204202
R Bemelmans,68,217,143,227,4,9,14,21,0.6330275229357798,0.6115702479338843,0.3280757097791798,0.4036697247706422,0.0014572750018955367,-0.0355940149914624,-0.01706836999478343
G Melzer,92,241,133,240,11,28,23,36,0.5794117647058824,0.6102941176470589,0.375366568914956,0.3984375,-0.050882352941176476,0.016929068914956012,-0.016976642013110232
M Llodra,105,349,212,343,7,20,22,37,0.6230248306997742,0.5985401459854015,0.31403118040089084,0.39166666666666666,0.004484684714372706,-0.03763548626577582,-0.016575400775701556
B Van De Zandschulp,23,77,42,76,3,6,7,15,0.6022727272727273,0.5826086956521739,0.3333333333333333,0.4056603773584906,-0.0003359683794465877,-0.03232704402515727,-0.016331506202301928
D Dzumhur,304,890,481,838,30,69,61,115,0.5810234541577826,0.5627906976744186,0.3434343434343434,0.41420118343195267,-0.0017672435166360238,-0.030766839997609242,-0.01626704175712263
M Klizan,133,415,261,410,10,29,32,46,0.6372549019607843,0.6301369863013698,0.32815533980582523,0.3875968992248062,-0.012882084340585558,-0.019441559418980993,-0.016161821879783274
R Berankis,354,959,617,1017,48,106,75,124,0.6096687555953447,0.6026785714285714,0.36827195467422097,0.42718446601941745,-0.013009815833226673,-0.018912511345196482,-0.015961163589211576
H Moriya,47,123,70,127,6,11,9,15,0.5903083700440529,0.6,0.3721973094170404,0.4144144144144144,-0.02969162995594708,-0.002217104997374021,-0.01595436747666055
F Delbonis,260,839,517,844,15,60,62,91,0.6154661016949152,0.6387434554973822,0.3152289669861555,0.34375,-0.043277353802466986,0.01147896698615549,-0.015899193408155748
P Sousa,43,156,99,164,1,3,13,26,0.6174242424242424,0.5793650793650794,0.30859375,0.39805825242718446,0.018059163059163014,-0.049464502427184455,-0.01570266968401072
G Zemlja,44,124,79,140,4,13,15,22,0.5958333333333333,0.6147540983606558,0.35714285714285715,0.3893805309734513,-0.03892076502732243,0.00776232616940583,-0.015579219428958301
T Sandgren,447,1324,909,1351,40,103,80,110,0.6705720192970366,0.6666666666666666,0.33918539325842695,0.39408866995073893,-0.01609464736963005,-0.014903276692311986,-0.015498962030971017
K Majchrzak,55,174,104,191,6,15,10,25,0.5773195876288659,0.56,0.33211678832116787,0.4,-0.002680412371134127,-0.027883211678832155,-0.015281812024983141
A Gonzalez,92,253,143,254,11,21,16,32,0.5847457627118644,0.5757575757575758,0.3626062322946176,0.4214876033057851,-0.011011813045711399,-0.018881371011167526,-0.014946592028439462
O Jasika,81,240,136,234,7,17,18,32,0.5988023952095808,0.5909090909090909,0.34411764705882353,0.4017094017094017,-0.012106695699510155,-0.017591754650578197,-0.014849225175044176
M Daniel,10,31,2,20,0,4,0,6,0.55,0.5660377358490566,0.3511450381679389,0.38461538461538464,-0.03603773584905655,0.0065296535525542695,-0.01475404114825114
A Weintraub,17,85,58,88,0,3,3,6,0.648936170212766,0.5943396226415094,0.2864864864864865,0.3883495145631068,0.03459654757125653,-0.06186302807662029,-0.013633240252681877
C Garin,65,208,129,217,5,14,16,29,0.6088328075709779,0.5891472868217055,0.32792207792207795,0.39473684210526316,-0.00031447925072756663,-0.026814764183185215,-0.01356462171695639
M Torpegaard,21,89,55,89,2,8,6,12,0.6296296296296297,0.5892857142857143,0.30158730158730157,0.3888888888888889,0.020343915343915348,-0.047301587301587324,-0.013478835978835988
B Klahn,34,143,102,150,1,2,8,14,0.664,0.5964912280701754,0.2880658436213992,0.4019607843137255,0.047508771929824625,-0.0738949406923263,-0.013193084381250837
J Wilfried Tsonga,1060,3002,2090,3075,117,272,146,214,0.6784251968503937,0.6560509554140127,0.3533204384268214,0.4220430107526882,0.0023742414363810034,-0.02872257232586676,-0.013174165444742878
E Roger-Vasselin,161,477,312,505,15,40,33,51,0.6214876033057851,0.6158940397350994,0.341421143847487,0.39285714285714285,-0.014406436429314256,-0.011435999009655841,-0.012921217719485048
M Zverev,255,710,454,726,27,71,52,75,0.6271186440677966,0.64,0.3592592592592593,0.391812865497076,-0.03288135593220341,0.007446393762183277,-0.012717481085010068
M Ymer,201,499,339,595,30,65,52,88,0.5798561151079137,0.5957446808510638,0.39565943238731216,0.42424242424242425,-0.03588856574315012,0.011417008144887907,-0.012235778799131108
I Karlovic,400,1578,1187,1605,18,59,57,74,0.7337243401759531,0.6724137931034483,0.2598331346841478,0.36477987421383645,0.041310547072504825,-0.06494673952968863,-0.011818096228591903
N Rubin,84,288,178,287,4,17,17,28,0.6253229974160207,0.6015625,0.30927835051546393,0.37606837606837606,0.003760497416020709,-0.026790025552912135,-0.011514764068445713
R Olivo,55,147,99,171,6,15,16,24,0.6014760147601476,0.6129032258064516,0.3684210526315789,0.4,-0.03142721104630407,0.008421052631578906,-0.011503079207362581
M Jaziri,299,790,464,789,30,80,73,113,0.59392575928009,0.6244131455399061,0.37640449438202245,0.3888888888888889,-0.05048738625981618,0.027515605493133553,-0.011485890383341312
M Kukushkin,294,778,437,809,32,79,66,122,0.5511551155115512,0.5675675675675675,0.37585421412300685,0.4022346368715084,-0.036412452056016384,0.013619577251498448,-0.011396437402258968
M Russell,177,479,278,517,19,49,39,74,0.5542949756888168,0.5689655172413793,0.36787564766839376,0.3959731543624161,-0.03467054155256254,0.011902493305977667,-0.011384024123292435
D Kudla,284,795,498,813,25,60,52,84,0.615553121577218,0.6086956521739131,0.3575418994413408,0.40625,-0.013142530596695106,-0.008708100558659206,-0.010925315577677156
K Kravchuk,24,109,70,102,0,2,6,10,0.6633663366336634,0.6,0.28708133971291866,0.39215686274509803,0.04336633663366342,-0.06507552303217937,-0.010854593199257974
G Simon,990,2571,1719,2735,123,263,155,255,0.6289241622574956,0.6056338028169014,0.38412579558217896,0.4490358126721763,0.00329035944059421,-0.02491001708999733,-0.01080982882470156
A Martin,23,80,43,73,3,6,4,10,0.6184971098265896,0.5818181818181818,0.3277777777777778,0.4056603773584906,0.016678928008407774,-0.03788259958071281,-0.010601835786152517
K Beck,19,63,40,74,0,3,4,9,0.5977011494252874,0.5871559633027523,0.3374233128834356,0.3883495145631068,-0.009454813877464923,-0.010926201679671212,-0.010190507778568067
R Safiullin,78,194,122,208,15,32,23,35,0.6038961038961039,0.6148148148148148,0.3877551020408163,0.4166666666666667,-0.030918710918710884,0.011088435374149629,-0.009915137772280628
J Vesely,210,692,431,678,24,53,32,62,0.6362467866323908,0.5679012345679012,0.3106060606060606,0.41830065359477125,0.04834555206448955,-0.06769459298871064,-0.009674520462110543
P Riba,66,219,130,226,5,12,9,25,0.5950920245398773,0.552,0.31974921630094044,0.4017857142857143,0.02309202453987726,-0.04203649798477386,-0.0094722367224483
M Purcell,27,85,55,97,2,6,4,9,0.6040609137055838,0.5871559633027523,0.34054054054054056,0.39622641509433965,-0.003095049597168536,-0.015685874553799085,-0.00939046207548381
P Kohlschreiber,571,1571,1035,1529,60,132,78,114,0.6746470227133211,0.6448598130841121,0.3632555356074207,0.43103448275862066,0.009787209629208999,-0.027778947151199974,-0.008995868760995488
C Stebe,135,395,227,405,10,35,36,63,0.5762376237623762,0.588957055214724,0.34545454545454546,0.37037037037037035,-0.03271943145234778,0.01508417508417511,-0.008817628184086334
F Mayer,213,643,413,676,18,52,49,80,0.6146907216494846,0.6055555555555555,0.3351278600269179,0.3815789473684211,-0.010864833906070941,-0.00645108734150316,-0.00865796062378705
R Bautista Agut,900,2366,1563,2382,103,236,145,217,0.6555197421434327,0.6466876971608833,0.3795620437956204,0.4255952380952381,-0.011167955017450586,-0.006033194299617663,-0.008600574658534125
J Zopp,25,85,41,68,1,4,5,9,0.625,0.5963302752293578,0.32972972972972975,0.3942307692307692,0.008669724770642224,-0.02450103950103947,-0.007915657365198623
D Lajovic,514,1387,839,1362,68,148,94,162,0.6176470588235294,0.5877862595419847,0.3698722259583053,0.43548387096774194,0.009860799281544725,-0.025611645009436614,-0.007875422863945944
R Harrison,351,1064,704,1132,34,85,63,108,0.6233766233766234,0.5913461538461539,0.3324742268041237,0.4,0.012030469530469507,-0.027525773195876325,-0.007747651832703409
A Harris,23,76,42,74,0,2,4,9,0.6091954022988506,0.5871559633027523,0.3352272727272727,0.39215686274509803,0.0020394389960982813,-0.016929590017825326,-0.007445075510863522
J Nieminen,214,601,375,630,19,52,44,72,0.6013698630136987,0.6046511627906976,0.3566333808844508,0.3881578947368421,-0.02328129977699898,0.0084754861476087,-0.00740290681469514
J Struff,203,582,370,606,27,57,31,59,0.6147308781869688,0.5723270440251572,0.35043988269794724,0.4267515923566879,0.022403834161811593,-0.03631170965874068,-0.006953937748464542
B Mott,23,81,43,70,1,1,3,8,0.6294117647058823,0.5833333333333334,0.3259668508287293,0.40594059405940597,0.026078431372548967,-0.039973743230676685,-0.006947655929063859
J Melzer,160,472,287,493,19,42,24,52,0.5919055649241147,0.5526315789473685,0.34265734265734266,0.4154929577464789,0.01927398597674625,-0.03283561508913622,-0.006780814556194984
Y Uchiyama,58,200,104,172,3,16,13,23,0.6176470588235294,0.5934959349593496,0.31333333333333335,0.3706896551724138,0.004151123864179835,-0.01735632183908046,-0.006602598987450312
F Cipolla,35,96,48,88,3,7,6,12,0.5957446808510638,0.5892857142857143,0.3622448979591837,0.40186915887850466,-0.0135410334346505,0.0003757390806790259,-0.006582647176985737
R Sweeting,67,197,108,200,4,12,10,25,0.5733333333333334,0.56,0.3468013468013468,0.39285714285714285,-0.006666666666666692,-0.006055796055796071,-0.006361231361231382
E Ruusuvuori,101,249,153,267,15,33,28,46,0.5912806539509536,0.6027397260273972,0.39255014326647564,0.41353383458646614,-0.03145907207644359,0.019016308680009496,-0.006221381698217048
P Gunneswaran,56,179,101,168,3,9,10,20,0.6156716417910447,0.5833333333333334,0.32974910394265233,0.3944954128440367,0.01233830845771135,-0.024746308901384385,-0.006204000221836517
J Ward,42,114,59,107,3,9,8,14,0.5942028985507246,0.5964912280701754,0.3644859813084112,0.3944954128440367,-0.022288329519450794,0.009990568464374482,-0.006148880527538156
A Davidovich Fokina,80,208,113,204,8,23,18,30,0.5822368421052632,0.6,0.37662337662337664,0.3902439024390244,-0.03776315789473682,0.026379474184352235,-0.0056918418551922915
A Mannarino,489,1401,817,1358,54,123,86,159,0.6042524005486969,0.5637065637065637,0.3497668221185876,0.42152466367713004,0.020545836842133198,-0.03175784155854242,-0.005606002358204612
M Cecchinato,119,393,264,439,12,30,22,48,0.608534322820037,0.5540540540540541,0.3144016227180527,0.4,0.034480268765982994,-0.0455983772819473,-0.005559054257982154
S Nagal,34,92,43,80,4,15,11,17,0.5944444444444444,0.6068376068376068,0.3645833333333333,0.3826086956521739,-0.03239316239316235,0.02197463768115939,-0.005209262356001481
G Sakharov,23,75,34,61,1,2,2,8,0.6086956521739131,0.5740740740740741,0.33714285714285713,0.4019607843137255,0.014621578099839012,-0.02481792717086837,-0.00509817453551468
D Guez,26,78,35,66,3,7,3,10,0.5963855421686747,0.5727272727272728,0.34831460674157305,0.40186915887850466,0.003658269441401924,-0.01355455213693161,-0.004948141347764843
M McDonald,361,968,613,966,47,92,52,92,0.6350844277673546,0.5833333333333334,0.3717228464419476,0.453125,0.03175109443402126,-0.041402153558052414,-0.0048255295620155784
N Kyrgios,869,2745,1969,2801,87,203,103,159,0.7007928300586005,0.6293436293436293,0.3181019332161687,0.41914191419141916,0.05144920071497118,-0.061039980975250464,-0.004795390130139642
P Martinez,183,472,295,491,30,65,40,68,0.6074450084602369,0.5952380952380952,0.38286713286713286,0.42424242424242425,-0.007793086777858376,-0.001375291375291389,-0.0045841890765748825
Y Nishioka,385,1022,584,1026,43,106,80,143,0.5754884547069272,0.5761316872427984,0.375222816399287,0.4029126213592233,-0.020643232535871175,0.01231019504006372,-0.004166518747903728
A Whittington,63,185,121,187,6,14,12,17,0.6445993031358885,0.6153846153846154,0.3473684210526316,0.40350877192982454,0.009214687751273116,-0.016140350877192934,-0.003462831562959909
E Donskoy,276,792,482,778,22,68,45,67,0.621867881548975,0.6287425149700598,0.34977578475336324,0.36904761904761907,-0.026874633421084853,0.02072816570574417,-0.003073233857670341
J Thompson,389,1111,700,1157,33,98,78,124,0.6077963404932378,0.6160714285714286,0.3509496284062758,0.3686868686868687,-0.028275088078190774,0.02226275971940713,-0.0030061641793918212
F Tiafoe,341,1017,657,1031,36,85,58,100,0.6374889478337754,0.59,0.3375111906893465,0.41081081081081083,0.02748894783377544,-0.03329962012146435,-0.0029053361438444534
P Starace,47,173,105,166,2,7,7,17,0.6353383458646616,0.5726495726495726,0.304029304029304,0.3925233644859813,0.04268877321508903,-0.04849406045667729,-0.0029026436207941313
I Dodig,288,810,478,797,27,69,52,90,0.6042363433667781,0.5894736842105263,0.35604395604395606,0.39644970414201186,-0.005237340843748144,-0.000405748098055804,-0.002821544470901974
A Seppi,1117,3259,2160,3283,103,257,164,258,0.6574046704108779,0.6256983240223464,0.34325692170288774,0.4005602240896359,0.011706346388531536,-0.017303302386748133,-0.0027984779991082984
I Andreev,49,151,106,162,6,12,8,13,0.648854961832061,0.6017699115044248,0.3386454183266932,0.4107142857142857,0.027085050327636213,-0.032068867387592494,-0.0024919085299781405
T Bellucci,148,485,291,491,10,34,29,57,0.6006768189509306,0.5668789808917197,0.3145299145299145,0.373134328358209,0.013797838059210882,-0.018604413828294454,-0.0024032878845417858
R Williams,29,113,73,106,1,2,4,8,0.6650485436893204,0.5925925925925926,0.3051643192488263,0.4019607843137255,0.05245595109672786,-0.056796465064899194,-0.002170256984085666
R Mello,28,87,51,85,2,6,5,10,0.6216216216216216,0.5909090909090909,0.3422459893048128,0.39622641509433965,0.01071253071253066,-0.01398042578952683,-0.0016339475384980848
J Levine,44,123,66,111,3,10,8,12,0.6161137440758294,0.6071428571428571,0.35874439461883406,0.39090909090909093,-0.011029113067027679,0.007835303709743134,-0.0015969046786422723
R Dutra Silva,84,261,146,251,5,17,14,30,0.5982905982905983,0.5692307692307692,0.33240997229916897,0.38461538461538464,0.009059829059829067,-0.01220541231621567,-0.0015727916281933017
F Gil,52,161,99,177,4,13,6,18,0.5884476534296029,0.559322033898305,0.3371647509578544,0.3893805309734513,0.009125619531297886,-0.012215780015596901,-0.0015450802421495078
A De Minaur,330,880,528,862,39,87,52,90,0.6153846153846154,0.5894736842105263,0.373469387755102,0.42245989304812837,0.0059109311740891575,-0.008990505293026342,-0.0015397870594685923
P Andujar,279,749,397,670,32,77,49,86,0.5987012987012987,0.5860215053763441,0.3710247349823322,0.4067796610169492,-0.007320206675045387,0.004245073965383005,-0.001537566354831191
A Tabilo,70,230,148,223,5,11,9,16,0.6563467492260062,0.5948275862068966,0.3212121212121212,0.40540540540540543,0.04151916301910964,-0.0441932841932842,-0.0013370605870872791
P Carreno Busta,651,1816,1184,1832,72,169,100,162,0.6459627329192547,0.6106870229007634,0.3585594989561587,0.4163568773234201,0.01527571001849128,-0.017797378367261397,-0.001260834174385059
I Cervantes,34,104,68,116,1,12,9,13,0.6111111111111112,0.6106194690265486,0.3431372549019608,0.36607142857142855,-0.019508357915437462,0.01706582633053224,-0.0012212657924526114
B Mitchell,89,273,177,283,6,22,15,23,0.6292428198433421,0.6097560975609756,0.3351206434316354,0.3770491803278688,-0.000513277717633525,-0.0019285368962334362,-0.0012209073069334806
S Groth,184,622,441,671,13,29,25,49,0.6549935149156939,0.5704697986577181,0.3047091412742382,0.4108527131782946,0.06452371625797583,-0.06614357190405637,-0.0008099278230402698
A Vukic,44,136,74,114,6,14,8,13,0.6448598130841121,0.6017699115044248,0.3389830508474576,0.40350877192982454,0.023089901579687284,-0.024525721082366926,-0.0007179097513398212
F Auger-Aliassime,167,453,312,456,28,49,27,43,0.6762589928057554,0.6083916083916084,0.3670886075949367,0.4563758389261745,0.047867384414146966,-0.04928723133123778,-0.0007099234585454077
C Eubanks,82,244,133,220,6,19,13,23,0.615625,0.5934959349593496,0.3430232558139535,0.3865546218487395,0.002129065040650375,-0.0035313660347860223,-0.0007011504970678237
R Stepanek,250,711,437,709,21,62,51,80,0.619283065512979,0.6166666666666667,0.3526510480887793,0.3765432098765432,-0.017383601153687738,0.01610783821223607,-0.0006378814707258349
E Gerasimov,150,425,263,452,15,52,40,65,0.592391304347826,0.6060606060606061,0.35428571428571426,0.3618421052631579,-0.03366930171278003,0.03244360902255635,-0.0006128463451118386
P Polansky,31,101,66,109,2,11,4,7,0.6220095693779905,0.5981308411214953,0.3333333333333333,0.3783783783783784,0.0038787282564951737,-0.005045045045045084,-0.000583158394274955
L Kubot,136,353,209,352,15,33,21,37,0.6039823008849557,0.5912408759124088,0.37969094922737306,0.41353383458646614,-0.007258575027453067,0.006157114640906923,-0.0005507301932730722
B Tomic,851,2492,1709,2601,73,198,136,206,0.6564235468345058,0.6405228758169934,0.3422067901234568,0.37919463087248323,-0.004099328982487643,0.003012159250973555,-0.0005435848657570439
V Hanescu,81,241,148,240,7,18,16,29,0.6235294117647059,0.5891472868217055,0.34310850439882695,0.3983050847457627,0.014382124943000413,-0.015196580346935752,-0.00040722770196766934
M Granollers,194,643,383,604,16,39,31,62,0.6349431818181818,0.5617283950617284,0.30955585464333785,0.4028776978417266,0.05321478675645332,-0.053321843198388764,-5.352822096772389e-05
P Lorenzi,305,897,566,900,25,64,43,73,0.63,0.5953757225433526,0.3420260782347041,0.39634146341463417,0.014624277456647423,-0.014315385179930064,0.00015444613835867947
P Cuevas,291,895,580,906,31,69,44,83,0.6401590457256461,0.5683060109289617,0.32864321608040203,0.42011834319526625,0.051853034796684364,-0.05147512711486422,0.00018895384091007286
M Mmoh,207,584,347,606,20,50,38,76,0.5821529745042493,0.5568181818181818,0.35526315789473684,0.4,0.005334792686067531,-0.004736842105263185,0.00029897529040217273
M Copil,123,388,244,365,9,18,17,30,0.6623655913978495,0.5923076923076923,0.32581967213114754,0.4152542372881356,0.050057899090157135,-0.049434565156988054,0.0003116669665845402
A Ramos-Vinolas,404,1166,773,1214,40,103,68,110,0.636986301369863,0.6095238095238096,0.34755134281200634,0.39408866995073893,0.007462491846053427,-0.006537327138732597,0.00046258235366041477
T Monteiro,110,414,298,429,8,23,20,34,0.6843100189035917,0.5970149253731343,0.2840466926070039,0.3902439024390244,0.06729509353045739,-0.06619720983202051,0.0005489418492184359
G Andreozzi,33,110,61,100,1,6,5,11,0.625,0.5855855855855856,0.32857142857142857,0.3867924528301887,0.0194144144144144,-0.018221024258760134,0.0005966950778271331
N Kicker,125,309,182,318,17,37,20,37,0.5885167464114832,0.583941605839416,0.39364303178484106,0.41605839416058393,-0.015424859427932796,0.017584637624257125,0.0010798890981621647
R Haase,295,941,566,937,27,71,53,105,0.6075216972034716,0.551219512195122,0.31796349663784823,0.391812865497076,0.0363021850083496,-0.03384936885922777,0.0012264080745609147
M Bachinger,75,221,122,203,6,20,16,28,0.6138613861386139,0.59375,0.34579439252336447,0.38333333333333336,0.00011138613861385108,0.0024610591900311105,0.0012862226643224808
D Koepfer,80,239,141,225,9,23,14,25,0.6307692307692307,0.592,0.3421828908554572,0.3983739837398374,0.018769230769230778,-0.016191092884380177,0.0012890689424253001
B Becker,196,644,402,652,19,44,30,67,0.6196808510638298,0.5389221556886228,0.3118279569892473,0.4097222222222222,0.060758695375206964,-0.0578942652329749,0.0014322150711160338
P Herbert,398,1157,745,1162,40,94,57,98,0.6410459587955626,0.5909090909090909,0.345266507557677,0.41237113402061853,0.030136867886471647,-0.027104626462941518,0.0015161207117650646
M Berrettini,231,735,525,727,27,58,33,49,0.7122128174123338,0.6241610738255033,0.3197604790419162,0.4240506329113924,0.06805174358683043,-0.0642901538694762,0.0018807948586771137
R Ram,62,202,129,189,3,9,10,14,0.6678200692041523,0.6140350877192983,0.32450331125827814,0.3944954128440367,0.033784981484853996,-0.02999210158575858,0.0018964399495477076
D Sela,392,1011,587,981,45,103,68,119,0.6022201665124884,0.5844748858447488,0.3852385238523852,0.4187192118226601,-0.0022547193322603847,0.006519312029725131,0.0021322963487323734
J Lennard Struff,48,122,71,121,2,10,14,19,0.6108597285067874,0.6218487394957983,0.3783783783783784,0.38181818181818183,-0.03098901098901095,0.036560196560196566,0.0027855927855928077
H Chung,329,909,595,903,39,85,49,80,0.6570289132602194,0.6055555555555555,0.36174430128840435,0.42702702702702705,0.031473357704663876,-0.025282725738622704,0.0030953159830205863
M Trungelliti,60,205,113,180,2,12,9,18,0.6321428571428571,0.5847457627118644,0.31475409836065577,0.375,0.027397094430992714,-0.020245901639344234,0.00357559639582424
S Darcis,160,486,299,466,14,33,18,34,0.6413427561837456,0.582089552238806,0.33447098976109213,0.40601503759398494,0.0392532039449396,-0.03154404783289281,0.003854578056023395
D Goffin,881,2200,1339,2149,119,241,115,208,0.6238328145842597,0.5681818181818182,0.39869565217391306,0.4662756598240469,0.03565099640244142,-0.027580007650133832,0.004035494376153793
A Muller,71,166,77,141,13,19,7,21,0.5850622406639004,0.5537190082644629,0.40225563909774437,0.44537815126050423,0.011343232399437592,-0.003122512162759862,0.004110360118338865
T Kamke,123,337,187,324,10,32,23,41,0.5919811320754716,0.5886524822695035,0.36384439359267734,0.3787878787878788,-0.016671350194031858,0.025056514804798556,0.004192582305383349
Q Halys,269,799,500,800,21,59,48,82,0.6266666666666667,0.5934065934065934,0.339265850945495,0.3836477987421384,0.013260073260073297,-0.004381947796643394,0.004439062731714951
K Anderson,605,1900,1264,1894,40,117,101,156,0.6659979939819458,0.62890625,0.3205,0.3686635944700461,0.017091743981945812,-0.008163594470046089,0.004464074755949862
F Serra,29,102,58,87,1,4,2,5,0.6524064171122995,0.5904761904761905,0.3217821782178218,0.3942307692307692,0.04193022663610903,-0.03244859101294743,0.0047408178115808
L Harris,142,442,276,431,15,36,29,55,0.64030131826742,0.5741935483870968,0.3284132841328413,0.40441176470588236,0.04610776988032318,-0.03599848057304104,0.005054644653641072
D Udomchoke,42,124,71,123,5,11,3,13,0.6053811659192825,0.5575221238938053,0.3482142857142857,0.40540540540540543,0.027859042025477194,-0.01719111969111973,0.005333961167178733
S Kwon,101,305,159,273,7,21,14,33,0.5978552278820375,0.556390977443609,0.33827160493827163,0.3884297520661157,0.021464250438428496,-0.010158147127844054,0.005653051655292221
I Marchenko,121,383,205,343,7,18,10,29,0.6072234762979684,0.5426356589147286,0.3250517598343685,0.3983050847457627,0.044587817383239706,-0.03325332491139419,0.005667246235922758
T Haas,130,379,233,385,9,20,12,29,0.6123711340206186,0.5581395348837209,0.3465553235908142,0.4083333333333333,0.034231599136897675,-0.021778009742519124,0.006226794697189276
D Istomin,495,1444,915,1419,39,105,81,131,0.6445029624753127,0.6103896103896104,0.3439119170984456,0.3853658536585366,0.01411335208570232,-0.0014539365600909973,0.006329707762805661
T Daniel,159,530,349,560,8,38,28,48,0.6257575757575757,0.5945945945945946,0.30952380952380953,0.34782608695652173,0.011162981162981107,0.0016977225672878057,0.006430351865134456
D Wu,115,310,172,301,8,28,23,41,0.5885286783042394,0.5886524822695035,0.36829268292682926,0.375,-0.020123803965264125,0.03329268292682926,0.006584439480782569
C Alcaraz,82,192,116,190,18,32,14,25,0.6206896551724138,0.592,0.4041095890410959,0.4393939393939394,0.008689655172413841,0.004715649647156504,0.006702652409785173
S Bolelli,137,412,254,407,12,27,17,37,0.6272189349112426,0.5620437956204379,0.337890625,0.4094488188976378,0.04517513929080465,-0.03155819389763779,0.006808472696583429
F Krajinovic,358,1006,629,989,39,93,65,112,0.6363636363636364,0.589622641509434,0.3562386980108499,0.40932642487046633,0.026740994854202355,-0.013087726859616435,0.00682663399729296
P Mathieu,88,309,197,308,2,21,17,28,0.6397058823529411,0.6015625,0.30317848410757947,0.34710743801652894,0.018143382352941124,-0.003928953908949463,0.00710721422199583
A Roddick,172,463,347,505,22,50,29,39,0.6793388429752066,0.6402877697841727,0.369449378330373,0.41333333333333333,0.019051073191033958,-0.003883955002960328,0.007583559094036815
S Travaglia,143,392,230,375,17,37,20,40,0.6189473684210526,0.5714285714285714,0.3638211382113821,0.41605839416058393,0.027518796992481182,-0.01223725594920181,0.007640770521639686
K Coppejans,44,132,90,143,5,12,8,17,0.6337448559670782,0.5811965811965812,0.3448275862068966,0.4017857142857143,0.032548274770496946,-0.016958128078817726,0.00779507334583961
A Dolgopolov,633,1628,982,1585,78,172,96,170,0.6207715133531158,0.5777777777777777,0.3871527777777778,0.4338235294117647,0.022993735575338032,-0.006670751633986928,0.008161491970675552
A Murray,1772,4124,2718,4102,246,515,194,304,0.6620656830080914,0.6287128712871287,0.42803030303030304,0.46504065040650405,0.013352811720962716,0.002989652623798987,0.008171232172380851
C Ball,43,124,84,124,5,7,5,9,0.6607142857142857,0.5963302752293578,0.35267857142857145,0.4205607476635514,0.04438401048492792,-0.02788217623497994,0.00825091712497399
D Medvedev,627,1586,1096,1627,94,181,79,135,0.671685002895194,0.5914893617021276,0.3932384341637011,0.47686832740213525,0.06019564119306632,-0.04362989323843417,0.008282873977316075
D Galan,48,147,102,157,3,9,6,11,0.6459143968871596,0.5945945945945946,0.340080971659919,0.3944954128440367,0.03131980229256494,-0.0144144411841177,0.008452680554223619
A Kuznetsov,282,823,524,859,30,73,41,82,0.6131386861313869,0.554945054945055,0.3445287107258938,0.4046242774566474,0.038193631186331914,-0.020095566730753613,0.00904903222778915
L Sonego,150,505,374,557,15,42,20,36,0.6666666666666666,0.5882352941176471,0.3074380165289256,0.3873239436619718,0.05843137254901955,-0.03988592713304621,0.00927272270798667
G Monfils,1320,3358,2153,3339,156,369,191,305,0.6446641465542309,0.6197530864197531,0.39213418160786584,0.417910447761194,0.004911060134477747,0.014223733846671825,0.009567396990574786
K Khachanov,563,1542,976,1485,53,136,85,131,0.6561514195583596,0.6277056277056277,0.36479902557856275,0.3940677966101695,0.008445791852731994,0.010731228968393257,0.009588510410562625
L Tu,33,126,87,120,4,8,2,6,0.6863636363636364,0.5849056603773585,0.3053097345132743,0.4074074074074074,0.08145797598627792,-0.06209767289413307,0.009680151546072425
R Albot,284,753,478,790,38,91,46,84,0.6089887640449438,0.5760869565217391,0.37514654161781946,0.4083769633507853,0.012901807523204707,0.006769578267034136,0.009835692895119421
U Humbert,185,558,384,560,18,41,28,46,0.6787878787878788,0.6027397260273972,0.33586626139817627,0.41134751773049644,0.0560481527604816,-0.03548125633232017,0.010283448214080716
R Nadal,2048,4976,3365,4919,270,646,243,348,0.6832038254632397,0.6763392857142857,0.4105594956658786,0.4155495978552279,-0.013135460251046043,0.035009897810650746,0.010937218779802351
A Pavlasek,35,105,60,98,2,7,3,9,0.6262626262626263,0.5779816513761468,0.3463414634146341,0.3925233644859813,0.028280974886479533,-0.006181901071347175,0.011049536907566179
J Sock,273,864,555,872,19,69,43,70,0.6368312757201646,0.6058823529411764,0.32053941908713696,0.34911242603550297,0.010948922778988197,0.011426993051633992,0.011187957915311094
V Safranek,23,81,51,79,0,5,2,6,0.6424581005586593,0.5849056603773585,0.3259668508287293,0.38095238095238093,0.037552440181300786,-0.014985530123651648,0.011283455028824569
D Novak,98,296,167,285,5,19,13,31,0.6,0.5572519083969466,0.3383838383838384,0.37815126050420167,0.022748091603053373,0.0002325778796367292,0.011490334741345051
S Giraldo,229,691,431,696,24,65,39,75,0.621859296482412,0.5657142857142857,0.3350189633375474,0.3878787878787879,0.036145010768126276,-0.012859824541240496,0.01164259311344289
G Soeda,177,490,287,470,16,40,23,45,0.6157894736842106,0.5724137931034483,0.3610169491525424,0.4,0.023375680580762243,0.0010169491525423777,0.01219631486665231
B Paire,617,1660,955,1614,52,163,124,201,0.5945157526254375,0.6112956810631229,0.3710227272727273,0.34980988593155893,-0.03677992843768539,0.061212841341168354,0.012216456451741482
T Ito,316,896,552,923,30,81,50,95,0.6021505376344086,0.5641025641025641,0.3534136546184739,0.3867403314917127,0.018047973531844525,0.006673323126761187,0.012360648329302856
A Popyrin,327,984,674,1003,28,81,46,70,0.6690843155031732,0.6235294117647059,0.3348708487084871,0.3756906077348066,0.025554903738467267,-0.0008197590263195123,0.012367572356073877
A Karatsev,188,448,307,468,39,73,36,60,0.653169014084507,0.6,0.40875912408759124,0.45664739884393063,0.03316901408450702,-0.007888274756339388,0.012640369664083818
N Almagro,574,1591,1072,1608,58,153,85,129,0.6651053864168618,0.6331877729257642,0.3607332939089296,0.38735177865612647,0.011917613491097562,0.013381515252803143,0.012649564371950353
L Mayer,281,936,623,942,22,58,34,66,0.6593090211132437,0.5662650602409639,0.305984555984556,0.3924050632911392,0.07304396087227984,-0.04642050730658324,0.0133117267828483
A Krajicek,54,163,97,140,7,14,4,8,0.6708333333333333,0.5925925925925926,0.34220532319391633,0.41228070175438597,0.05824074074074072,-0.030075378560469636,0.014082681090135541
J Ignacio Chela,153,353,204,365,21,45,23,47,0.5763440860215053,0.564625850340136,0.41721854304635764,0.4206896551724138,-0.008281764318630685,0.03652888787394384,0.014123561777656576
B Baker,16,43,32,48,1,4,4,5,0.6486486486486487,0.6095238095238096,0.36363636363636365,0.3942307692307692,0.019124839124839105,0.00940559440559443,0.014265216765216767
J Benneteau,474,1301,799,1308,43,114,70,124,0.6129261363636364,0.5803571428571429,0.3640256959314775,0.3878504672897196,0.012568993506493448,0.016175228641757876,0.014372111074125662
S Wawrinka,1642,4447,3072,4573,176,440,208,325,0.6710892360368071,0.6305882352941177,0.36903452826039146,0.4,0.020501000742689474,0.009034528260391438,0.014767764501540456
M Baghdatis,707,1798,1081,1756,74,192,116,190,0.6169181034482759,0.6068965517241379,0.39146469968387776,0.3904109589041096,-0.009978448275862011,0.041053740779768165,0.015537646251953077
M Marterer,174,533,396,570,18,46,15,23,0.6865671641791045,0.6097560975609756,0.33175355450236965,0.3972602739726027,0.05681106661812886,-0.025506719470233065,0.015652173573947898
F Fognini,864,2366,1530,2372,86,234,141,224,0.6448220064724919,0.6203703703703703,0.36496350364963503,0.3772455089820359,0.004451636102121532,0.02771799466759913,0.016084815384860333
J Donaldson,70,196,111,179,6,18,10,20,0.6272401433691757,0.5833333333333334,0.3581081081081081,0.3898305084745763,0.02390681003584229,0.008277599633531828,0.01609220483468706
A Zverev,846,2237,1462,2153,103,255,121,183,0.6773191300488238,0.6395759717314488,0.3774069319640565,0.4028169014084507,0.01774315831737507,0.01459003055560578,0.016166594436490427
I Ivashka,164,417,252,416,18,52,32,52,0.6124031007751938,0.6052631578947368,0.38684719535783363,0.3815789473684211,-0.01286005711954306,0.045268247989412556,0.01620409543493475
S Johnson,316,1024,684,1049,20,61,43,78,0.6510008703220191,0.5786516853932584,0.31316725978647686,0.37267080745341613,0.05234918492876074,-0.01950354766693927,0.016422818630910736
J Martin Del Potro,492,1340,900,1356,57,130,55,94,0.6620879120879121,0.5927835051546392,0.36666666666666664,0.4217391304347826,0.049304406933272885,-0.015072463768115975,0.017115971582578455
S Stakhovsky,199,532,326,547,25,61,35,71,0.6027820710973725,0.5555555555555556,0.37183544303797467,0.40372670807453415,0.027226515541816893,0.008108734963440521,0.01766762525262871
E Ymer,136,344,200,353,17,42,18,41,0.5827814569536424,0.5531914893617021,0.38738738738738737,0.4014084507042254,0.009589967591940213,0.025978936683162,0.01778445213755111
T Fabbiano,149,458,306,472,11,35,16,30,0.6468531468531469,0.5846153846153846,0.33154121863799285,0.37777777777777777,0.042237762237762225,-0.0062365591397849154,0.018000601548988655
B Coric,321,952,608,933,30,80,47,83,0.6505324298160697,0.5846994535519126,0.33935361216730037,0.3888888888888889,0.04583297626415718,-0.009535276721588527,0.018148849771284326
G Pella,297,883,534,828,22,65,44,76,0.6443965517241379,0.5909090909090909,0.3387589013224822,0.37575757575757573,0.03348746081504696,0.003001325564906475,0.018244393189976716
M Raonic,1428,4202,2949,4093,137,356,144,212,0.7185785833532077,0.6538461538461539,0.3403068340306834,0.3881578947368421,0.04473242950705382,-0.007851060706158687,0.018440684400447566
J Chardy,498,1534,985,1587,36,125,96,163,0.6218138707765264,0.5931558935361216,0.3268053855569155,0.3377777777777778,0.008657977240404752,0.02902760777913773,0.018842792509771243
A Bedene,277,847,494,768,18,56,41,73,0.6428571428571429,0.5838150289017341,0.33051742344244983,0.3717948717948718,0.03904211395540881,-0.001277448352421974,0.01888233280149342
N Mahut,235,625,378,628,27,65,33,67,0.6071428571428571,0.5568862275449101,0.3737931034482759,0.40606060606060607,0.030256629597946966,0.007732497387669811,0.01899456349280839
M Matosevic,222,629,372,646,15,58,39,73,0.5844504021447721,0.5722543352601156,0.35390946502057613,0.34810126582278483,-0.007803933115343536,0.0458081991977913,0.019002133041223883
G Dimitrov,1455,3769,2493,3731,152,401,211,316,0.6674497520229705,0.6514423076923077,0.3853708968725769,0.38323353293413176,-0.003992555669337188,0.04213736393844516,0.019072404134553987
S Robert,269,664,356,601,24,61,39,70,0.5991440798858774,0.5823529411764706,0.3992146596858639,0.39751552795031053,-0.0032088612905932616,0.04169913173555336,0.019245135222480052
L Djere,138,419,245,399,11,36,19,41,0.6192384769539078,0.5602836879432624,0.3352601156069364,0.375,0.03895478901064532,0.00026011560693641606,0.01960745230879087
A Bublik,178,481,287,476,27,72,31,60,0.609375,0.56875,0.3683304647160069,0.38953488372093026,0.020625000000000022,0.01879558099507663,0.01971029049753833
T Fritz,431,1227,811,1193,45,115,65,104,0.6767208043310131,0.6127450980392157,0.3519216277317257,0.3953488372093023,0.04397570629179738,-0.0034272094775766107,0.020274248407110385
M Polmans,189,501,288,489,17,53,32,59,0.597623089983022,0.5786163522012578,0.37437603993344426,0.37254901960784315,-0.0009932622182357957,0.041827020325601115,0.02041687905368266
J Monaco,215,541,280,506,23,66,37,74,0.5676567656765676,0.5574712643678161,0.3915756630265211,0.3795180722891566,-0.00981449869124849,0.052057590737364455,0.021121546023057984
I Sijsling,52,138,77,118,4,9,2,5,0.6467889908256881,0.5904761904761905,0.3697478991596639,0.4036697247706422,0.03631280034949759,0.006078174389021661,0.021195487369259625
M Fish,154,419,254,395,17,45,20,35,0.6424242424242425,0.5925925925925926,0.36608863198458574,0.3931034482758621,0.029831649831649893,0.012985183708723667,0.021408416770186782
H Laaksonen,129,348,214,354,11,31,19,39,0.6123348017621145,0.5683453237410072,0.36830357142857145,0.3893129770992366,0.02398947802110731,0.01899059432933483,0.02149003617522107
G Garcia-Lopez,459,1205,776,1193,48,110,50,88,0.6496519721577726,0.5851063829787234,0.3793103448275862,0.41904761904761906,0.044545589179049175,0.0002627257799671309,0.022404157479508153
E Escobedo,92,252,148,224,6,24,14,19,0.654320987654321,0.6218487394957983,0.36363636363636365,0.3709677419354839,0.012472248158522676,0.03266862170087977,0.022570434929701226
S Devvarman,64,153,78,138,4,18,11,20,0.5966386554621849,0.5916666666666667,0.3952569169960474,0.3728813559322034,-0.01502801120448181,0.06237556106384403,0.02367377492968111
C Norrie,217,586,351,555,25,69,38,66,0.6335877862595419,0.5903614457831325,0.3688046647230321,0.38461538461538464,0.023226340476409386,0.024189280107647447,0.023707810292028418
J Munar,155,392,226,385,15,48,22,40,0.5979381443298969,0.5857142857142857,0.3882113821138211,0.3716216216216216,-0.007776141384388851,0.05658976049219951,0.024406809553905333
G Muller,397,1278,839,1220,16,78,59,82,0.6840909090909091,0.6538461538461539,0.31422351233671986,0.3146067415730337,0.010244755244755228,0.03961677076368616,0.024930763004220695
J Isner,667,2289,1659,2259,38,122,71,104,0.7303942348452734,0.6421568627450981,0.2942653830054416,0.35135135135135137,0.06823737210017534,-0.017085968345909787,0.02557570187713278
M Cilic,1227,3292,2156,3116,115,311,152,224,0.6902985074626866,0.654320987654321,0.37234669811320753,0.3771289537712895,0.01597751980836561,0.03521774434191801,0.02559763207514181
L Hewitt,484,1258,772,1244,51,138,70,120,0.6220238095238095,0.5909090909090909,0.38291605301914583,0.38235294117647056,0.011114718614718595,0.04056311184267527,0.025838915228696933
Z Li,26,80,41,67,0,10,1,6,0.6287425149700598,0.5754716981132075,0.34444444444444444,0.36363636363636365,0.033270816856852306,0.020808080808080796,0.02703944883246655
K Nishikori,1440,3564,2275,3514,172,396,167,286,0.6472053126729386,0.5880829015544041,0.4028384279475983,0.4274193548387097,0.03912241111853444,0.015419073108888591,0.027270742113711516
J Tipsarevic,317,871,507,814,25,76,44,78,0.62472647702407,0.5842696629213483,0.3635427394438723,0.3693181818181818,0.020456814102721727,0.034224557625690454,0.027340685864206092
R Soderling,130,319,232,339,20,33,10,20,0.6742596810933941,0.5833333333333334,0.39618138424821003,0.45112781954887216,0.0709263477600607,-0.014946435300662121,0.027989956229699287
D Brands,121,377,256,360,6,18,10,17,0.6956521739130435,0.5982905982905983,0.32914046121593293,0.3898305084745763,0.07736157562244518,-0.020690047258643353,0.028335764181900914
D Schwartzman,710,1673,1049,1671,103,216,84,158,0.6284584980237155,0.5581395348837209,0.4207557811618725,0.4525316455696203,0.050318963139994524,0.008224135592252234,0.02927154936612338
S Tsitsipas,487,1455,1003,1423,53,127,43,75,0.7005909389363099,0.5885714285714285,0.33633440514469454,0.40969162995594716,0.09201951036488133,-0.03335722481125262,0.029331142776814357
M Fucsovics,533,1365,868,1341,70,168,68,119,0.6467730742539903,0.5844748858447488,0.38839590443686006,0.41044776119402987,0.0422981884092415,0.017948143242830193,0.030123165826035848
T Paul,212,560,339,538,23,66,35,62,0.6316614420062696,0.5864197530864198,0.37575757575757573,0.3795180722891566,0.02524168891984981,0.03623950346841911,0.03074059619413446
T Berdych,1557,3917,2694,3888,176,426,149,229,0.6915747241725175,0.6352583586626139,0.3965646004480956,0.41064638783269963,0.036316365509903595,0.025918212615395973,0.031117289062649784
Y Lu,220,690,398,663,11,52,32,67,0.6055045871559633,0.5508982035928144,0.3240506329113924,0.3355263157894737,0.03460638356314895,0.02852431712191874,0.03156535034253384
E Gulbis,194,550,362,553,19,58,26,46,0.6523736600306279,0.589041095890411,0.35384615384615387,0.37341772151898733,0.043332564140216925,0.020428432327166533,0.031880498233691726
R Opelka,241,837,605,858,18,53,19,39,0.6983298538622129,0.5683453237410072,0.29562433297758806,0.3790849673202614,0.1099845301212057,-0.04346063434267337,0.03326194788926616
M Cressy,67,202,127,176,7,20,7,13,0.6920289855072463,0.5929203539823009,0.34105960264900664,0.39166666666666666,0.07910863152494542,-0.010607064017660019,0.0342507837536427
D Ferrer,1503,3444,2108,3258,201,439,163,281,0.646813579511614,0.5853018372703412,0.434255079006772,0.44712430426716143,0.041511742241272756,0.027130774739610584,0.03432125849044167
R Carballes Baena,139,384,195,311,19,42,9,31,0.6301703163017032,0.5267175572519084,0.3615702479338843,0.4154929577464789,0.08345275904979478,-0.01392270981259456,0.03476502461860011
J Sinner,125,316,189,303,15,39,14,30,0.6277915632754343,0.5692307692307692,0.3870192307692308,0.39568345323741005,0.03856079404466507,0.03133577753182073,0.0349482857882429
S Querrey,686,2037,1352,2011,58,176,91,151,0.670772145902416,0.601593625498008,0.33785680861020123,0.35507246376811596,0.04917852040440797,0.022784344842085268,0.035981432623246615
G Barrere,100,256,148,232,8,28,13,23,0.6385542168674698,0.5934959349593496,0.38202247191011235,0.375,0.025058281908120223,0.04702247191011235,0.03604037690911629
K Edmund,380,1101,724,1094,33,100,44,77,0.6599664991624791,0.5875706214689266,0.3463780183180683,0.365,0.05239587769355249,0.021378018318068313,0.0368869480058104
M Ebden,452,1226,707,1122,45,118,62,120,0.6309328968903437,0.5545454545454546,0.3680241327300151,0.38990825688073394,0.05638744234488914,0.01811587584928117,0.03725165909708515
D Thiem,1110,2819,1823,2776,122,330,135,216,0.6561196105702365,0.6170886075949367,0.3926002055498458,0.3767441860465116,0.019031002975299822,0.05585601950333421,0.037443511239317016
P Petzschner,98,260,150,244,7,29,9,20,0.622093023255814,0.575,0.37222222222222223,0.3643410852713178,0.027093023255813992,0.04788113695090442,0.03748708010335921
B Kavcic,263,753,465,792,21,64,29,73,0.5930493273542601,0.5144508670520231,0.3505275498241501,0.3719512195121951,0.058598460302236935,0.018576330311954957,0.03858739530709594
A Bolt,382,1059,629,996,35,101,52,100,0.6322992700729927,0.56,0.36065573770491804,0.373134328358209,0.052299270072992635,0.027521409346709068,0.03991033970985085
A Rublev,570,1497,932,1417,65,167,78,137,0.6565589980224127,0.5822784810126582,0.3794614902943018,0.39325842696629215,0.05428051700975446,0.026203063328009667,0.04024179016888206
T Machac,82,205,126,195,12,35,11,22,0.6440677966101694,0.5819672131147541,0.38688524590163936,0.3851851851851852,0.04210058349541536,0.04170006071645418,0.041900322105934765
R Federer,2188,5513,3732,5261,243,625,182,275,0.7080768513337063,0.6453333333333333,0.3962230536255122,0.3903448275862069,0.04274351800037303,0.04587822603930527,0.044310872019839145
H Hurkacz,196,557,325,476,19,49,14,32,0.6753472222222222,0.5606060606060606,0.3531202435312024,0.3959731543624161,0.09474116161616165,-0.0028529108312136744,0.045944125392473986
N Djokovic,2767,6385,4293,6061,385,854,220,351,0.7071903911702646,0.6208425720620843,0.43222821896684654,0.44549266247379454,0.06634781910818034,0.026735556493052003,0.04654168780061617
I Ljubicic,114,320,209,296,9,30,6,11,0.6893939393939394,0.5945945945945946,0.35714285714285715,0.3769230769230769,0.07479934479934482,0.020219780219780235,0.04750956250956252
J Sousa,510,1443,866,1350,35,126,68,120,0.6413793103448275,0.5818181818181818,0.35385612443292286,0.33185840707964603,0.03956112852664574,0.061997717353276825,0.05077942293996128
L Pouille,378,1169,755,1104,24,86,39,74,0.6802325581395349,0.5689655172413793,0.3262411347517731,0.34408602150537637,0.09126704089815553,0.022155113246396706,0.056711077072276114
R Gasquet,809,1938,1286,1895,103,240,47,104,0.6766917293233082,0.5245098039215687,0.41462217860647693,0.42058823529411765,0.1321819254017396,0.03403394331235928,0.08310793435704944
